<?xml version="1.0" encoding="UTF-8"?>
<database defaultPhpNamingMethod="underscore" heavyIndexing="false" name="propel" defaultIdMethod="native" noXsd="true" package="lib.model"><table skipSql="false" abstract="false" name="admin"><column autoIncrement="false" lazyLoad="false" name="id" type="integer" required="true" primaryKey="true" autoincrement="true"/><column primaryKey="false" autoIncrement="false" lazyLoad="false" name="username" type="varchar" required="true" size="50"/><column primaryKey="false" autoIncrement="false" lazyLoad="false" name="password" type="varchar" required="true" size="50"/></table><table skipSql="false" abstract="false" name="category"><column autoIncrement="false" lazyLoad="false" name="id" type="integer" required="true" primaryKey="true" autoincrement="true"/><column primaryKey="false" required="false" autoIncrement="false" lazyLoad="false" name="category_name" type="varchar" size="100"/><column primaryKey="false" required="false" autoIncrement="false" lazyLoad="false" name="title" type="varchar" size="255"/><column primaryKey="false" required="false" autoIncrement="false" lazyLoad="false" name="description" type="longvarchar"/><column primaryKey="false" required="false" autoIncrement="false" lazyLoad="false" name="parents" type="varchar" default="|" size="100"/><column primaryKey="false" required="false" autoIncrement="false" lazyLoad="false" name="parentsarray" type="longvarchar"/><column primaryKey="false" required="false" autoIncrement="false" lazyLoad="false" name="status" type="varchar" size="1" default="A"/><column primaryKey="false" required="false" autoIncrement="false" lazyLoad="false" name="child" type="varchar" size="1" default="N"/><column primaryKey="false" required="false" autoIncrement="false" lazyLoad="false" name="ord" type="integer" size="4" default="0"/><column primaryKey="false" required="false" autoIncrement="false" lazyLoad="false" name="flag_new" type="integer" size="2" default="0"/><column primaryKey="false" required="false" autoIncrement="false" lazyLoad="false" name="flag_updated" type="integer" size="2" default="0"/><column primaryKey="false" required="false" autoIncrement="false" lazyLoad="false" name="flag_hot" type="integer" size="2" default="0"/><column primaryKey="false" required="false" autoIncrement="false" lazyLoad="false" name="files" type="integer" size="5" default="0"/><column primaryKey="false" required="false" autoIncrement="false" lazyLoad="false" name="url" type="varchar" size="255"/><index name="category_parents_index"><index-column name="parents"/></index></table><table skipSql="false" abstract="false" name="files"><column autoIncrement="false" lazyLoad="false" name="id" type="integer" required="true" primaryKey="true" autoincrement="true"/><column primaryKey="false" required="false" autoIncrement="false" lazyLoad="false" name="file_name" type="varchar" require="1" size="255"/><column primaryKey="false" required="false" autoIncrement="false" lazyLoad="false" name="category_id" type="integer" require="1" default="0"/><column primaryKey="false" required="false" autoIncrement="false" lazyLoad="false" name="description" type="longvarchar"/><column primaryKey="false" required="false" autoIncrement="false" lazyLoad="false" name="size" type="integer" size="9" default="0"/><column primaryKey="false" required="false" autoIncrement="false" lazyLoad="false" name="today" type="integer" size="5" default="0"/><column primaryKey="false" required="false" autoIncrement="false" lazyLoad="false" name="download" type="integer" size="6" default="0"/><column primaryKey="false" required="false" autoIncrement="false" lazyLoad="false" name="extension" type="varchar" size="4"/><column primaryKey="false" required="false" autoIncrement="false" lazyLoad="false" name="status" type="varchar" size="1" default="A"/><column primaryKey="false" required="false" autoIncrement="false" lazyLoad="false" name="url" type="varchar" size="255"/><column primaryKey="false" required="false" autoIncrement="false" lazyLoad="false" name="created_at" type="timestamp"/><foreign-key onUpdate="none" foreignTable="category" onDelete="cascade"><reference local="category_id" foreign="id"/></foreign-key><index name="files_file_name_index"><index-column name="file_name"/></index><index name="files_category_id_index"><index-column name="category_id"/></index></table><table skipSql="false" abstract="false" name="movies"><column autoIncrement="false" lazyLoad="false" name="id" type="integer" required="true" primaryKey="true" autoincrement="true"/><column primaryKey="false" autoIncrement="false" lazyLoad="false" name="name" type="varchar" required="true" size="100"/><column primaryKey="false" required="false" autoIncrement="false" lazyLoad="false" name="release_date" type="date"/><column primaryKey="false" required="false" autoIncrement="false" lazyLoad="false" name="info" type="longvarchar"/><column primaryKey="false" required="false" autoIncrement="false" lazyLoad="false" name="category" type="varchar" size="100"/><column primaryKey="false" required="false" autoIncrement="false" lazyLoad="false" name="preview" type="longvarchar"/><column primaryKey="false" required="false" autoIncrement="false" lazyLoad="false" name="review" type="longvarchar"/><column primaryKey="false" required="false" autoIncrement="false" lazyLoad="false" name="music_review" type="longvarchar"/><column primaryKey="false" required="false" autoIncrement="false" lazyLoad="false" name="lyrics" type="integer" size="2" default="0"/><index name="movies_name_index"><index-column name="name"/></index></table><table skipSql="false" abstract="false" name="lyrics"><column autoIncrement="false" lazyLoad="false" name="id" type="integer" required="true" primaryKey="true" autoincrement="true"/><column primaryKey="false" autoIncrement="false" lazyLoad="false" name="name" type="varchar" required="true" size="100"/><column primaryKey="false" required="false" autoIncrement="false" lazyLoad="false" name="movie_id" type="integer"/><column primaryKey="false" required="false" autoIncrement="false" lazyLoad="false" name="movie_name" type="varchar" size="100"/><column primaryKey="false" required="false" autoIncrement="false" lazyLoad="false" name="lyrics" type="longvarchar"/><column primaryKey="false" required="false" autoIncrement="false" lazyLoad="false" name="ord" type="integer" size="2" default="0"/><foreign-key onUpdate="none" foreignTable="movies" onDelete="cascade"><reference local="movie_id" foreign="id"/></foreign-key><index name="lyrics_name_index"><index-column name="name"/></index></table><table skipSql="false" abstract="false" name="download_history"><column autoIncrement="false" lazyLoad="false" name="id" type="integer" required="true" primaryKey="true" autoincrement="true"/><column primaryKey="false" required="false" autoIncrement="false" lazyLoad="false" name="date" type="varchar" size="8"/><column primaryKey="false" required="false" autoIncrement="false" lazyLoad="false" name="file_id" type="integer"/><column primaryKey="false" required="false" autoIncrement="false" lazyLoad="false" name="extension" type="varchar" size="4"/><column primaryKey="false" required="false" autoIncrement="false" lazyLoad="false" name="hits" type="integer" size="5" default="0"/><foreign-key onUpdate="none" foreignTable="files" onDelete="cascade"><reference local="file_id" foreign="id"/></foreign-key><index name="download_history_date_index"><index-column name="date"/></index><unique name="df"><unique-column name="date"/><unique-column name="file_id"/></unique></table><table skipSql="false" abstract="false" name="setting"><column autoIncrement="false" lazyLoad="false" name="id" type="integer" required="true" primaryKey="true" autoincrement="true"/><column primaryKey="false" required="false" autoIncrement="false" lazyLoad="false" name="meta" type="varchar" size="40"/><column primaryKey="false" required="false" autoIncrement="false" lazyLoad="false" name="description" type="varchar" size="100"/><column primaryKey="false" required="false" autoIncrement="false" lazyLoad="false" name="value" type="longvarchar"/><column primaryKey="false" required="false" autoIncrement="false" lazyLoad="false" name="device" type="varchar" size="1" default="P"/><column primaryKey="false" required="false" autoIncrement="false" lazyLoad="false" name="updated_at" type="timestamp"/></table><table skipSql="false" abstract="false" name="updates"><column autoIncrement="false" lazyLoad="false" name="id" type="integer" required="true" primaryKey="true" autoincrement="true"/><column primaryKey="false" required="false" autoIncrement="false" lazyLoad="false" name="description" type="longvarchar"/><column primaryKey="false" required="false" autoIncrement="false" lazyLoad="false" name="status" type="varchar" size="1" default="A"/><column primaryKey="false" required="false" autoIncrement="false" lazyLoad="false" name="created_at" type="timestamp"/></table><table skipSql="false" abstract="false" name="log_history"><column autoIncrement="false" lazyLoad="false" name="id" type="integer" required="true" primaryKey="true" autoincrement="true"/><column primaryKey="false" required="false" autoIncrement="false" lazyLoad="false" name="date" type="integer" size="8" default="0"/><column primaryKey="false" required="false" autoIncrement="false" lazyLoad="false" name="host" type="integer" size="6" default="0"/><column primaryKey="false" required="false" autoIncrement="false" lazyLoad="false" name="host_p" type="integer" size="6" default="0"/><column primaryKey="false" required="false" autoIncrement="false" lazyLoad="false" name="host_m" type="integer" size="6" default="0"/><column primaryKey="false" required="false" autoIncrement="false" lazyLoad="false" name="hits" type="integer" size="6" default="0"/><column primaryKey="false" required="false" autoIncrement="false" lazyLoad="false" name="hits_p" type="integer" size="6" default="0"/><column primaryKey="false" required="false" autoIncrement="false" lazyLoad="false" name="hits_m" type="integer" size="6" default="0"/><column primaryKey="false" required="false" autoIncrement="false" lazyLoad="false" name="download" type="integer" size="8" default="0"/><column primaryKey="false" required="false" autoIncrement="false" lazyLoad="false" name="files" type="varchar" size="255" default="|"/></table></database>
